av_alive,av_lambda,av_thr1,av_thr2,av_t_thr,sd_lambda,sd_thr1,sd_thr2,sd_t_thr
0.832,0,0.985995575547218,0,1000,0,0.0108283069552674,0,0
0.83425,0,0.986530616641045,0,1000,0,0.011805215884156,0,0
0.842,0,0.990129575878382,0,1000,0,0.00926286893479912,0,0
0.83075,0,0.988389937460422,0,1000,0,0.0128774622052669,0,0
0.845,0,0.987773393169045,0,1000,0,0.0132072253724781,0,0
0.84125,0,0.987939539298415,0,1000,0,0.0141999121281754,0,0
0.84325,0,0.990389110907912,0,1000,0,0.0116063445969121,0,0
0.83175,0,0.99173865455389,0,1000,0,0.00974210241254933,0,0
0.837,0,0.988232650071383,0,1000,0,0.0139732682037155,0,0
0.824,0,0.990948281258345,0,1000,0,0.0132632934323633,0,0
0.83575,0,0.990747811585665,0,1000,0,0.0114871816276365,0,0
0.83375,0,0.988523255422711,0,1000,0,0.0108601265182395,0,0
0.83725,0,0.990880378007889,0,1000,0,0.01114595434062,0,0
0.831,0,0.987053976178169,0,1000,0,0.0135926673422276,0,0
0.84675,0,0.989623036071658,0,1000,0,0.0114501758610998,0,0
0.842,0,0.988845934301615,0,1000,0,0.0113566295124173,0,0
0.84325,0,0.987751492217183,0,1000,0,0.0107701371765025,0,0
0.82025,0,0.992498934730887,0,1000,0,0.00841948002149625,0,0
0.83025,0,0.992682191818953,0,1000,0,0.00995360964202828,0,0
0.8465,0,0.990976002544165,0,1000,0,0.00960198373283229,0,0
0.833,0,0.991632553979754,0,1000,0,0.0103006549124872,0,0
0.834,0,0.987058936789632,0,1000,0,0.015358231347013,0,0
0.83575,0,0.985122204393148,0,1000,0,0.0138644089258769,0,0
0.848,0,0.987734264522791,0,1000,0,0.0114181487524742,0,0
0.82425,0,0.983171532154083,0,1000,0,0.020082623891566,0,0
0.82125,0,0.990505371585488,0,1000,0,0.0115518139072598,0,0
0.83975,0,0.986441719457507,0,1000,0,0.0107402602923049,0,0
0.8345,0,0.987192823424935,0,1000,0,0.0156767570371393,0,0
0.827,0,0.992153661370277,0,1000,0,0.0102592150580835,0,0
0.839,0,0.981960574939847,0,1000,0,0.0174363097587069,0,0
0.8325,0,0.991262477397919,0,1000,0,0.0106801729551534,0,0
0.84275,0,0.989905731469393,0,1000,0,0.0111706090858192,0,0
0.83825,0,0.99273218499124,0,1000,0,0.00837122065888614,0,0
0.836,0,0.991505675137043,0,1000,0,0.00986608113778669,0,0
0.82825,0,0.988145605862141,0,1000,0,0.0119983177543281,0,0
0.82925,0,0.99011811453104,0,1000,0,0.0112072009296878,0,0
0.8365,0,0.987167015850544,0,1000,0,0.0131730000785428,0,0
0.8365,0,0.991691909223795,0,1000,0,0.0105322912349403,0,0
0.831,0,0.986291054144502,0,1000,0,0.011402962981677,0,0
0.8295,0,0.989557163745165,0,1000,0,0.0123429775905333,0,0
0.84125,0,0.98518857806921,0,1000,0,0.0138786351986653,0,0
0.83975,0,0.98820749874413,0,1000,0,0.00904272999942115,0,0
0.838,0,0.985918806225061,0,1000,0,0.00914882087476522,0,0
0.84525,0,0.984062843069434,0,1000,0,0.016812412117999,0,0
0.8455,0,0.984625302106142,0,1000,0,0.01289433600987,0,0
0.8295,0,0.987173609912395,0,1000,0,0.0120940755331646,0,0
0.83525,0,0.980274170666933,0,1000,0,0.0191741660113414,0,0
0.83475,0,0.988572929292917,0,1000,0,0.014236824470042,0,0
0.82725,0,0.992851962193847,0,1000,0,0.00751175182354196,0,0
0.83125,0,0.982933791384101,0,1000,0,0.0175803696958052,0,0
0.845,0,0.984038340032101,0,1000,0,0.0154969456133005,0,0
0.83075,0,0.990941976577044,0,1000,0,0.0104405381262867,0,0
0.8285,0,0.990992375254631,0,1000,0,0.0102290616824212,0,0
0.82925,0,0.988039012476802,0,1000,0,0.0105768743744106,0,0
0.837,0,0.98010392652452,0,1000,0,0.0138312342141074,0,0
0.832,0,0.989180856972933,0,1000,0,0.0107412498052972,0,0
0.83025,0,0.989476506456733,0,1000,0,0.00843468762699731,0,0
0.838,0,0.989690804108977,0,1000,0,0.0100128011443997,0,0
0.84025,0,0.986466013371944,0,1000,0,0.0140687243702629,0,0
0.8305,0,0.990940526142716,0,1000,0,0.0104328705483008,0,0
0.8285,0,0.9907096850425,0,1000,0,0.0123459252797307,0,0
0.83725,0,0.988610281080008,0,1000,0,0.0119083630967618,0,0
0.83475,0,0.981683721125126,0,1000,0,0.0129368233840244,0,0
0.84475,0,0.987623611584306,0,1000,0,0.0136567717526781,0,0
0.83325,0,0.985081242918968,0,1000,0,0.0138203880845541,0,0
0.84375,0,0.986594058588147,0,1000,0,0.0150523453762788,0,0
0.83,0,0.988552633970976,0,1000,0,0.0108082338653801,0,0
0.833,0,0.988826651588082,0,1000,0,0.0135189417533917,0,0
0.834,0,0.983033127710223,0,1000,0,0.0143512810490199,0,0
0.841,0,0.988255682677031,0,1000,0,0.0116204671582438,0,0
0.82675,0,0.987116137087345,0,1000,0,0.0129946036794455,0,0
0.82225,0,0.990006928533316,0,1000,0,0.0106212695545159,0,0
0.849,0,0.985521536111832,0,1000,0,0.0122661264617285,0,0
0.85175,0,0.986900260359049,0,1000,0,0.0108740144241705,0,0
0.83675,0,0.985743048250675,0,1000,0,0.0130841705447059,0,0
0.829,0,0.984716572955251,0,1000,0,0.017276519530264,0,0
0.8275,0,0.989096546500921,0,1000,0,0.012557739091509,0,0
0.8255,0,0.989553881824017,0,1000,0,0.0127514042202602,0,0
0.821,0,0.990925601512194,0,1000,0,0.0092727130188824,0,0
0.83075,0,0.991329234793782,0,1000,0,0.0113116136241885,0,0
0.83175,0,0.983718297407031,0,1000,0,0.0146326181832556,0,0
0.83825,0,0.987898756995797,0,1000,0,0.0115890005434735,0,0
0.821,0,0.979605089947581,0,1000,0,0.0127413324868047,0,0
0.84075,0,0.98375782096386,0,1000,0,0.0117346507141193,0,0
0.843,0,0.983167406797409,0,1000,0,0.0135172461518631,0,0
0.83675,0,0.984804921865463,0,1000,0,0.0127115944947003,0,0
0.837,0,0.985541237190366,0,1000,0,0.014761026436861,0,0
0.83125,0,0.987034905031323,0,1000,0,0.0137685637839801,0,0
0.84825,0,0.983229155346751,0,1000,0,0.0158710597123616,0,0
0.835,0,0.986202246770263,0,1000,0,0.0128451681616613,0,0
0.84875,0,0.989285883948207,0,1000,0,0.00842976912045938,0,0
0.8385,0,0.977161791324615,0,1000,0,0.0196725548358479,0,0
0.83975,0,0.98364315520227,0,1000,0,0.00849657631256431,0,0
0.83175,0,0.983250038698316,0,1000,0,0.01166228152594,0,0
0.8445,0,0.987736507609487,0,1000,0,0.0114613234020696,0,0
0.841,0,0.986673544198275,0,1000,0,0.0128847262128019,0,0
0.8425,0,0.980907877236605,0,1000,0,0.0132848483566677,0,0
0.8415,0,0.984105257421732,0,1000,0,0.0151449211269434,0,0
0.84125,0,0.981564186453819,0,1000,0,0.0158071036149912,0,0
0.84275,0,0.986423041582108,0,1000,0,0.014673124354261,0,0
