av_alive,av_w0,av_alph_w,av_lambda,av_thr1,av_thr2,av_t_thr,av_beta,sd_w0,sd_alph_w,sd_lambda,sd_thr1,sd_thr2,sd_t_thr,sd_beta
0.85125,9.04764046907425,0.943945777311921,0,0.831205303698778,0,1000,13.8100978624821,0.0722480261550554,0.0357530811035663,0,0.0582611213403596,0,0,0.144162459785657
0.84175,9.06369939470291,0.969708484172821,0,0.778523707941175,0,1000,13.933862850666,0.0764155798192542,0.0260272188053398,0,0.0489247943202855,0,0,0.0571796456632665
0.85225,9.10017309308052,0.966258344531059,0,0.790192978397012,0,1000,13.9430656490326,0.0619622649420631,0.0267840787664624,0,0.0653142975527001,0,0,0.0530649726109144
0.8505,9.10329273462296,0.963375055864453,0,0.834316840320826,0,1000,13.9220034265518,0.0667654550201621,0.02989533076886,0,0.0576773816327042,0,0,0.0576354880434939
0.84725,9.07273768019676,0.967449687629938,0,0.901260040968657,0,1000,13.8502264680862,0.0579496845239217,0.0292802142779487,0,0.0564020192865026,0,0,0.0609953048329818
0.849,9.16696940636635,0.975464533105493,0,0.921208136618137,0,1000,13.8149358346462,0.0781020497724074,0.0193174934011413,0,0.0281653975304419,0,0,0.0573254555999746
0.84825,9.14562206053734,0.95386069945991,0,0.900103562623262,0,1000,13.80874669981,0.0819516020091147,0.0348664085067124,0,0.0392149154565069,0,0,0.0603979989989449
0.8405,9.09268776655197,0.95628889477253,0,0.863773142963648,0,1000,13.8214672324657,0.0569077016712939,0.0329798285558422,0,0.0493210950631926,0,0,0.0819878997384673
0.82875,9.0844607834816,0.938169259026647,0,0.907365359544754,0,1000,13.845645304203,0.0497073560623305,0.0326223621423882,0,0.0451503204611541,0,0,0.0818756558558266
0.85075,9.15966200447082,0.950925012931228,0,0.911781629130244,0,1000,13.9074096016884,0.0821073570894621,0.0368434283123714,0,0.0342768360282859,0,0,0.0580953060612328
0.84375,9.10954715037346,0.913057812824845,0,0.9035333699435,0,1000,13.9405103304386,0.0706138861422743,0.0453090581314164,0,0.0344629883744319,0,0,0.054158167370281
0.84675,9.01726177549362,0.937457721814513,0,0.89814107182622,0,1000,13.9745392277241,0.040663742025876,0.0313742239779438,0,0.0360477223781675,0,0,0.0382743041296461
0.8455,8.98453808474541,0.969167545303702,0,0.851831497684121,0,1000,14.0399578456879,0.0545192638276004,0.0268621782834638,0,0.0421452081041742,0,0,0.0505424088958249
0.8435,8.98046995306015,0.955431199684739,0,0.873254880994558,0,1000,14.0419914937019,0.0424176821127844,0.0325082509751305,0,0.049788781320828,0,0,0.0502758658194214
0.84025,8.9457251791954,0.950801223620772,0,0.923902369886637,0,1000,14.0258502495289,0.0730757178699865,0.033800324302802,0,0.0321554904724861,0,0,0.0410582328354962
0.8435,8.91417181229591,0.931105471372604,0,0.914091619506478,0,1000,14.0472869722843,0.0791258519049758,0.0522209810521988,0,0.0266836842085531,0,0,0.0345448025075443
0.83675,8.83786484003067,0.962006029427051,0,0.894406417831779,0,1000,14.0277456264496,0.0751917397520711,0.031106152404251,0,0.0351646728209512,0,0,0.0405423860799891
0.8575,8.80641321468353,0.957656788662076,0,0.896739535018802,0,1000,14.0704069423676,0.0526252941046709,0.0391602003749754,0,0.0385535116912621,0,0,0.0369381907827322
0.8365,8.80062818455696,0.96293011829257,0,0.911855498120189,0,1000,14.0858878602982,0.0710433222586418,0.025662232553929,0,0.0373295659180505,0,0,0.0400851104978194
0.8465,8.79954990625381,0.967797379136086,0,0.914606133729219,0,1000,14.0681833839417,0.0620421645897914,0.0276616479239113,0,0.0417495549075559,0,0,0.037891978360373
0.847,8.7669610927105,0.96033395947516,0,0.931226234301925,0,1000,14.0506590321064,0.0516275416108299,0.0366052230101469,0,0.0320205527585744,0,0,0.0872655825647954
0.846,8.78942319273949,0.957966649100184,0,0.930951593890786,0,1000,14.0043275859356,0.0530241340405502,0.0351367968936538,0,0.0431936874567292,0,0,0.0429578306691568
0.846,8.77575809597969,0.924817022413015,0,0.929685462161899,0,1000,13.9881363966465,0.0339861074928966,0.0568216880127065,0,0.0430538663556769,0,0,0.0460132113667913
0.84375,8.76846770906448,0.945070132181048,0,0.921462578982115,0,1000,13.9394168338776,0.045353744931932,0.0363476529569143,0,0.042507539078806,0,0,0.0440857780851134
0.85275,8.77007130384445,0.944431016981602,0,0.903072234287858,0,1000,13.993896992445,0.0412689650537387,0.0345348512899953,0,0.0512826993749216,0,0,0.0671715829904691
0.852,8.75984732913971,0.934599745884538,0,0.914875381350517,0,1000,14.0051741034985,0.049373681060109,0.0384068797624652,0,0.0408455241016026,0,0,0.0544483895302481
0.844,8.71775030851364,0.924085397943854,0,0.906018675908446,0,1000,14.0248872518539,0.031001397085788,0.0346126619063639,0,0.0442439503849538,0,0,0.0634714392569218
0.84725,8.70008541345596,0.920643136397004,0,0.877144244372845,0,1000,14.0195761749744,0.0352363615717793,0.0456235628180837,0,0.0475007163364843,0,0,0.0614984128288555
0.8475,8.73330434083939,0.899402237102389,0,0.912261859104037,0,1000,13.9697360568047,0.0639078798474154,0.0448167133038142,0,0.0500411602187892,0,0,0.0829267194825471
0.842,8.75503530502319,0.865184589877725,0,0.923993150517344,0,1000,13.931439438343,0.0494512059839721,0.0643910935708643,0,0.0342134134471824,0,0,0.0786747089543242
0.8535,8.77277067089081,0.904423223853111,0,0.916420546397567,0,1000,13.9480329034328,0.0373709420040435,0.05392875918592,0,0.0382318380821896,0,0,0.0565320404097115
0.83625,8.7540732448101,0.914081331551075,0,0.906961106389761,0,1000,13.9690634148121,0.0433722550066035,0.0601732514856861,0,0.0614146943600416,0,0,0.0554546522513057
0.846,8.74472091794014,0.918938576668501,0,0.926173977479339,0,1000,13.9802026171684,0.0573641216618103,0.0389675321390534,0,0.0408182010318436,0,0,0.0464687556626475
0.846,8.72331943106651,0.94099095903337,0,0.902557156935334,0,1000,13.9611890642643,0.0678616630859273,0.0380259855765091,0,0.0439423412762849,0,0,0.0434703585753205
0.8485,8.6409187836647,0.927223578050733,0,0.901489934697747,0,1000,13.9407427222729,0.0467725101197539,0.0575050423558221,0,0.0402241441978415,0,0,0.064935400975545
0.85325,8.697999812603,0.964315650254488,0,0.905590275630355,0,1000,13.9925608952045,0.0559353543783112,0.0278626376192183,0,0.0368791866837603,0,0,0.049168556257772
0.8465,8.63360604548454,0.956546355172992,0,0.917895242348313,0,1000,14.0120259289742,0.0352776595433606,0.0214247967262558,0,0.0413354520332499,0,0,0.0327602297932709
0.842,8.64539872932434,0.954955762460828,0,0.931487903267145,0,1000,14.0624422650337,0.0477236116072973,0.0281589618518354,0,0.0347695190828505,0,0,0.052646898156958
0.8495,8.62883875608444,0.958837706997991,0,0.94700900451839,0,1000,14.1183357892036,0.0479128261622089,0.0240257089493031,0,0.0233066647653027,0,0,0.0501303176432099
0.8375,8.68298725914955,0.95319898468256,0,0.91628282725811,0,1000,14.1338053927422,0.0541368970837747,0.0301468846203994,0,0.0439290116195826,0,0,0.0449980641766419
0.839,8.64237170171738,0.961218927934766,0,0.935002695590258,0,1000,14.1255846619606,0.0623371139879055,0.0200165978262313,0,0.0361432282108461,0,0,0.0779567658660608
0.8455,8.56026914262772,0.929347515389323,0,0.937818153500557,0,1000,14.1342648491859,0.041962956720039,0.035592436258322,0,0.0319718727352806,0,0,0.0894836758658493
0.85025,8.54655072259903,0.939787523522973,0,0.927507722318172,0,1000,14.1744538755417,0.0685921691625891,0.0399374207538566,0,0.0342920333805997,0,0,0.0299144133872027
0.836,8.53165915489197,0.935073080271483,0,0.920126116991043,0,1000,14.1787285912037,0.0814532498796882,0.0435895926696912,0,0.033168294204317,0,0,0.0390412979267796
0.8575,8.53229534506798,0.935736741140485,0,0.922301635146141,0,1000,14.1562716886997,0.0575160886081581,0.0408040580054326,0,0.0274630146249118,0,0,0.0545421132382773
0.84375,8.528884775877,0.945489338859916,0,0.915950969725847,0,1000,14.1372759189606,0.0624525167986404,0.0335593231989258,0,0.0374435258166541,0,0,0.0229829348853872
0.84225,8.49162661361694,0.938480074226856,0,0.868153008982539,0,1000,14.144200255394,0.0579284839470177,0.0350796589989549,0,0.0374764447692076,0,0,0.0352005419949499
0.846,8.4792845697403,0.947743283510208,0,0.87383667460084,0,1000,14.1455597271919,0.0517484075263003,0.0320008845779731,0,0.0482327188545533,0,0,0.0493151691148583
0.8455,8.47909611368179,0.95633944684267,0,0.8315420640558,0,1000,14.111966827631,0.0765364751557185,0.0298002669712308,0,0.0419405268888867,0,0,0.0440183457964328
0.85225,8.46344345450401,0.93669778290391,0,0.85857201680541,0,1000,14.1038637206554,0.0793940640467573,0.0415444991519474,0,0.045918458371298,0,0,0.0609456999453762
0.846,8.38996333193779,0.947093052655458,0,0.857536477133632,0,1000,14.155398799181,0.0746920566656748,0.0439534902292733,0,0.0522653909682566,0,0,0.0812456874150559
0.8455,8.44490647888184,0.948082351773977,0,0.893430280521512,0,1000,14.1530366384983,0.0671965725648749,0.0333091314755385,0,0.037299741628794,0,0,0.082643296026493
0.85,8.43876788568497,0.961773497566581,0,0.930365942701697,0,1000,14.1267295918465,0.0816198914092712,0.0273991947860783,0,0.0311385629075892,0,0,0.0796846421264949
0.8425,8.39154446935654,0.960826972290874,0,0.894228934764862,0,1000,14.0747652168274,0.0900605642017825,0.0305801600053503,0,0.0468610275165219,0,0,0.102247405809153
0.8545,8.35090080404282,0.966780156925321,0,0.907511179059744,0,1000,13.9833666670322,0.0801993014862902,0.0291219414423887,0,0.0277855371615398,0,0,0.0323538390669008
0.84425,8.44071794033051,0.939959097996354,0,0.891018384084105,0,1000,13.9695336432457,0.120118372500356,0.0242462231993441,0,0.0481156057545497,0,0,0.0322218875102858
0.8455,8.50538294005394,0.945952893793583,0,0.927189250439405,0,1000,14.0066951675415,0.122251308794751,0.0371970531848605,0,0.0330084278440916,0,0,0.0415393695001532
0.84625,8.46514704632759,0.929725018709898,0,0.927946898788214,0,1000,14.0008183906078,0.14111243402177,0.045556162836304,0,0.0340603235222543,0,0,0.0600192634623649
0.83925,8.53419722008705,0.900210296422243,0,0.881338141202927,0,1000,14.0155436570644,0.0614312866714907,0.0443472191125805,0,0.0658181222050188,0,0,0.0566010630264687
0.84175,8.55913140511513,0.925115644216537,0,0.859102553114295,0,1000,14.0542949175835,0.0486986906446582,0.0415779817272313,0,0.0491105179689913,0,0,0.0657131297281773
0.84925,8.51747022485733,0.94006107634306,0,0.902219995602965,0,1000,14.1272113022804,0.0489868271199047,0.0412047266694582,0,0.0545850381083782,0,0,0.0836361460397262
0.8495,8.46811079907417,0.961989646434784,0,0.926147011682391,0,1000,14.023347755909,0.0839378378315928,0.0339519925111848,0,0.0404870163940023,0,0,0.0584574395190577
0.8485,8.37382825374603,0.890961792811751,0,0.890039541184902,0,1000,14.0544419946671,0.0876458492277719,0.0604663640033506,0,0.0338823881178626,0,0,0.0952118869816593
0.84325,8.37010251760483,0.929969255238771,0,0.909725048363209,0,1000,14.0463119237423,0.0736458277431472,0.0404035804103587,0,0.034913820607521,0,0,0.147047539313402
0.84775,8.32829721260071,0.943131963863969,0,0.867499523133039,0,1000,13.9045418601036,0.0474608615058023,0.0418023540759432,0,0.0407860032110169,0,0,0.0714165212851731
0.841,8.31671077084541,0.954432953819633,0,0.870641734018922,0,1000,13.8885131437778,0.0470325800789584,0.0356529178223432,0,0.0452898879027153,0,0,0.0398225187143649
0.85425,8.32206003236771,0.955585897818208,0,0.840038349866867,0,1000,13.8891947698593,0.055919988819498,0.0356145806090434,0,0.0449359403863609,0,0,0.0399780574635121
0.86325,8.32963507080078,0.945997701227665,0,0.854454632088542,0,1000,13.9153294405937,0.0813617540154484,0.0379659132859489,0,0.0404180221448481,0,0,0.049226487978881
0.84525,8.26190057432652,0.970221985384822,0,0.871190002277493,0,1000,13.8999958143234,0.116348595810858,0.0309936609077504,0,0.0380194290924882,0,0,0.0540501121005664
0.84375,8.11476848936081,0.940895320549607,0,0.888059879124165,0,1000,13.9274746413231,0.155119633647977,0.0472547875935551,0,0.0442280816124364,0,0,0.0517501308292198
0.83625,8.03141018950939,0.910763669893146,0,0.913878411844373,0,1000,13.8624595234394,0.140856566922148,0.048815397954424,0,0.0619703035672391,0,0,0.0405317770631971
0.839,7.94131661438942,0.888184562519193,0,0.895444353356957,0,1000,13.855912314415,0.103067576292702,0.0499192480966917,0,0.0658859830093201,0,0,0.0845703486308244
0.84925,7.9044551653862,0.95162055772543,0,0.899993623897433,0,1000,13.860551857233,0.0727020377525419,0.0331182893265602,0,0.0482215479469276,0,0,0.104026531053758
0.844,7.90836199569702,0.968953488245606,0,0.849756285861134,0,1000,13.7553885750771,0.065201583666439,0.0253472525728797,0,0.0393393271440522,0,0,0.0780539671610082
0.8475,7.86724083828926,0.982927218437195,0,0.835283851578832,0,1000,13.7344142253399,0.0452306229617521,0.0176028391224239,0,0.0410778229860737,0,0,0.108876467372106
0.84425,7.90194503974915,0.966192589536309,0,0.890015041574836,0,1000,13.7431698551178,0.0402916583264418,0.0258826101932778,0,0.0415060576989728,0,0,0.0725246338786445
0.84975,7.88057050788403,0.974503658592701,0,0.932665149301291,0,1000,13.7864116780758,0.0621068481278003,0.0187533692672754,0,0.0281686742530899,0,0,0.0821038103186872
0.8495,7.96492025887966,0.976998501569033,0,0.910927031442523,0,1000,13.8089658915997,0.0578060428225576,0.0219655627855334,0,0.0425871013216979,0,0,0.114203021920999
0.84025,7.96849300312996,0.974465441688895,0,0.885108567073941,0,1000,13.9037982244492,0.0576117674715425,0.0237705855147262,0,0.0557566353036773,0,0,0.0545853232089234
0.84025,8.03563441419601,0.975887833595276,0,0.87980579675734,0,1000,13.831497795105,0.0370410829432584,0.0193552821572985,0,0.0382264266603436,0,0,0.0569389749242846
0.859,8.11433042263985,0.959983630761504,0,0.888837997108698,0,1000,13.867760089159,0.0674340781286924,0.0238524441691832,0,0.0300470559250815,0,0,0.0807922480404707
0.84375,8.10210108745098,0.923991218939424,0,0.875701305642724,0,1000,13.925986536026,0.0672881933731498,0.0372991578149385,0,0.0378779292704176,0,0,0.0865159817123048
0.84225,8.07069962406158,0.919183931276202,0,0.88697888366878,0,1000,13.8889573106766,0.0510791541818315,0.0510854880930345,0,0.0382959093069742,0,0,0.105478385984725
0.85025,8.03075191736221,0.961558856725693,0,0.888042826518416,0,1000,13.9008971357346,0.048093455395952,0.034516002473514,0,0.0556738897487363,0,0,0.0974998394176067
0.8595,8.09330137479305,0.972241779580712,0,0.93468198928237,0,1000,13.890356584549,0.0614615877758906,0.0214707305759723,0,0.0317557869577293,0,0,0.0958307822740256
0.843,8.15118894636631,0.942279197871685,0,0.902234565600753,0,1000,13.8205483767986,0.0499983567337289,0.041612048905167,0,0.0326755613193202,0,0,0.0841091210445931
0.84,8.16561098742485,0.956111260294914,0,0.906300762981176,0,1000,13.7059230532646,0.0811019299949424,0.0329810450284354,0,0.0372579130153375,0,0,0.115378732608235
0.84525,8.21434194016457,0.950018087819219,0,0.910264626517892,0,1000,13.6602388896942,0.0502586808391936,0.0354564427400634,0,0.0333624929350475,0,0,0.100261253179189
0.83925,8.26660463571548,0.966707073256373,0,0.900225041151047,0,1000,13.5724784324169,0.0734989504135199,0.0311423062680723,0,0.0361649121585542,0,0,0.128404216545375
0.84925,8.2679391605854,0.962494208976626,0,0.905141950845718,0,1000,13.5112840404511,0.0740861841374711,0.0281986972849203,0,0.0515675367496315,0,0,0.156247698137781
0.8435,8.40384334230423,0.94395731793344,0,0.912983868286014,0,1000,13.519449909687,0.087857874603534,0.0362280453758811,0,0.0397912697362092,0,0,0.178665295122423
0.845,8.40731201529503,0.964667373508215,0,0.839100643306971,0,1000,13.5890116558075,0.0890943457413765,0.0242378099075717,0,0.0568222940088105,0,0,0.18550095376016
0.84,8.42932660007477,0.971248312309384,0,0.800763708978891,0,1000,13.6489964122772,0.0867694607995981,0.0213741495669459,0,0.0680971206359596,0,0,0.207676575492792
0.858,8.41353866648674,0.961192983686924,0,0.88122329723835,0,1000,13.5471991477013,0.0911263958324142,0.0322765499394426,0,0.0382633898499234,0,0,0.235530651055238
0.848,8.42583435702324,0.957567667648196,0,0.885424192473292,0,1000,13.5920505537987,0.0609550051345625,0.031809670636461,0,0.0516633192441834,0,0,0.172872278421669
0.8485,8.33478814458847,0.959122827321291,0,0.847086935058236,0,1000,13.3729484546185,0.0528571321004981,0.025124709249907,0,0.0561359196148573,0,0,0.0943855292517832
0.85325,8.27331233453751,0.974593172714114,0,0.882519144922495,0,1000,13.4160081129074,0.0780426442490057,0.0272914783435795,0,0.049603755948997,0,0,0.0976187365635483
0.84925,8.30088035106659,0.9698165230304,0,0.884639146015048,0,1000,13.443908829689,0.0778487322159178,0.0218796875350524,0,0.0507093095758706,0,0,0.104679473048843
0.8345,8.31426806235313,0.966340824425221,0,0.880002699747682,0,1000,13.5212540392876,0.0597777834590127,0.0285832985075298,0,0.0626102179144517,0,0,0.134108727752686
0.84425,8.31084098386765,0.941698466032743,0,0.945925650343299,0,1000,13.5785192213058,0.0461221513032749,0.0469528398777692,0,0.0240474899671747,0,0,0.135956664980807
